{"cameraMode":{"drawMode":0,"name":"Shaded","section":"Shading Mode"},"sceneLighting":true,"audioPlay":false,"sceneViewState":{"showFog":true,"showMaterialUpdate":false,"showSkybox":true,"showFlares":true,"showImageEffects":true,"showParticleSystems":true,"showVisualEffectGraphs":true,"m_FxEnabled":true},"in2DMode":false,"pivot":{"x":107.92021179199219,"y":485.9095764160156,"z":-3.9207534790039064},"rotation":{"x":-0.047358740121126178,"y":-0.24643750488758088,"z":0.01211475022137165,"w":-0.9680248498916626},"size":41.79787063598633,"orthographic":true}