{"cameraMode":{"drawMode":0,"name":"Shaded","section":"Shading Mode"},"sceneLighting":true,"audioPlay":false,"sceneViewState":{"showFog":true,"showMaterialUpdate":false,"showSkybox":true,"showFlares":true,"showImageEffects":true,"showParticleSystems":true,"showVisualEffectGraphs":true,"m_FxEnabled":true},"in2DMode":false,"pivot":{"x":699.485107421875,"y":222.77378845214845,"z":155.30322265625},"rotation":{"x":0.08390152454376221,"y":0.0008944196742959321,"z":-0.00007566783460788429,"w":0.9964800477027893},"size":597.7411499023438,"orthographic":false}